id,name,email,phone,company,salary
484e8bc9-2b12-456a-924d-8846c1ad2bbc,Anthony Perez,andrew16@example.net,001-340-954-2356,Thomas and Sons,124188
2b79035f-e036-4c22-b78f-5840483fb897,Brian Adkins,jaimeperry@example.net,(524)397-6767,Lee-Scott,40235
3415e1b4-3dd4-43a3-9fbe-4af35f43b284,Brett Schultz,shampton@example.net,(724)880-1347,Robinson-Mack,84990
aac2e3ae-1fd8-4dae-adc3-bf293f51d6b6,Bradley Gill,ruizjoanne@example.com,644-493-7240x244,White-Phillips,103614
21ef26b8-b602-4192-9dbb-2dbe548213fd,Edgar Atkins,austinprice@example.net,(852)514-4811x525,"Mills, Murillo and Martin",88040
90192970-91be-4a5c-a21e-53c868573256,Donna Martin,zlindsey@example.com,+1-302-221-4137x52017,Yang-Rice,74705
cd312519-8ac3-4b96-a54e-11c78a02392e,Sharon Roman,scottcole@example.org,(424)364-2174x464,Massey PLC,63706
f6d51551-c76f-42c7-956e-8957501a0f31,Brett Kirk,oallen@example.org,(331)502-4402x310,Mills-Stewart,190429
94a16d6e-e3cd-46be-9ad4-431c1b6db9ab,Linda Hunt,schultzshawn@example.com,309-671-2013,"Campbell, Campos and Bradley",106192
64036a47-8ad0-4bcc-88b1-29df31ded84d,Joseph Medina,emason@example.net,952-656-8324,Holloway LLC,148198
30fd02e2-a370-4ea5-acc1-ba8e7e3c74fd,Chad Williams,fadams@example.com,+1-781-755-7383x665,Smith-Miller,182907
7cdd75f2-a04f-48ab-a28a-d7879a119da4,Jessica Anderson,whitemitchell@example.org,673-427-4975x8375,Lane Group,70520
2cedc13a-c7b6-4460-bab8-4085ab1020b2,Teresa Jimenez,kara71@example.net,(328)249-4251x5502,Davis-Kim,124517
29f769d2-d28f-4705-b51e-1a76668ce3d7,Ryan Pearson,ftorres@example.com,907-873-8857x2854,Ruiz Inc,119121
0dc81095-0e7b-4d04-b3bd-1f8fe2f36be2,Tracy Mendoza,hamptonwilliam@example.com,(822)504-3565,Morrow-Smith,180076
ccc3374e-6ea8-46ae-82f7-9a90d2ba04cb,Charles Jones,mortonedwin@example.com,617.383.5214,Petersen-Johnson,199152
c63cfb1d-2981-4db0-a7ae-9256d3a6840d,Michael Scott,ypage@example.org,6496823068,Hood-Tyler,133190
a96f196d-b7a1-4288-b782-c4bca63f2f5e,Tracy Snyder,collinsrobert@example.com,001-316-907-4103x016,"Moore, Chang and Miller",117136
4235c161-14f8-411a-b591-b813b0d8eb3b,Danny Vincent,cookejoseph@example.org,202-624-8139,"Robinson, Brown and Wright",110491
e2bd26ba-8a74-4376-a10c-133390f7c531,Kevin Silva,kjenkins@example.com,774-323-7307x0370,Johnson-Morris,39798
